<?xml version="1.0" encoding="UTF-8"?>
<Flow xmlns="http://soap.sforce.com/2006/04/metadata">
    <actionCalls>
        <description>Send Custom Notification</description>
        <name>Send_Custom_Notification</name>
        <label>Send Custom Notification</label>
        <locationX>176</locationX>
        <locationY>647</locationY>
        <actionName>customNotificationAction</actionName>
        <actionType>customNotificationAction</actionType>
        <flowTransactionModel>CurrentTransaction</flowTransactionModel>
        <inputParameters>
            <name>customNotifTypeId</name>
            <value>
                <elementReference>Get_Won_Opportunity_CNT.Id</elementReference>
            </value>
        </inputParameters>
        <inputParameters>
            <name>recipientIds</name>
            <value>
                <elementReference>RecipientIds</elementReference>
            </value>
        </inputParameters>
        <inputParameters>
            <name>title</name>
            <value>
                <stringValue>Booooom! We have got it!</stringValue>
            </value>
        </inputParameters>
        <inputParameters>
            <name>body</name>
            <value>
                <stringValue>We have won the opportunity {!$Record.Name} amounting {!$Record.Amount} from {!$Record.Account.Name}. Let’s Celebrate!</stringValue>
            </value>
        </inputParameters>
        <inputParameters>
            <name>targetId</name>
            <value>
                <elementReference>$Record.Id</elementReference>
            </value>
        </inputParameters>
    </actionCalls>
    <apiVersion>58.0</apiVersion>
    <assignments>
        <description>Populate Recipient Ids</description>
        <name>Populate_Recipient_Ids</name>
        <label>Populate Recipient Ids</label>
        <locationX>176</locationX>
        <locationY>539</locationY>
        <assignmentItems>
            <assignToReference>RecipientIds</assignToReference>
            <operator>Add</operator>
            <value>
                <elementReference>$Record.Account.OwnerId</elementReference>
            </value>
        </assignmentItems>
        <connector>
            <targetReference>Send_Custom_Notification</targetReference>
        </connector>
    </assignments>
    <description>Flow to handle automation when opportunity with high amount closes</description>
    <environments>Default</environments>
    <interviewLabel>High Opportunity Win {!$Flow.CurrentDateTime}</interviewLabel>
    <label>High Opportunity Win</label>
    <processMetadataValues>
        <name>BuilderType</name>
        <value>
            <stringValue>LightningFlowBuilder</stringValue>
        </value>
    </processMetadataValues>
    <processMetadataValues>
        <name>CanvasMode</name>
        <value>
            <stringValue>AUTO_LAYOUT_CANVAS</stringValue>
        </value>
    </processMetadataValues>
    <processMetadataValues>
        <name>OriginBuilderType</name>
        <value>
            <stringValue>LightningFlowBuilder</stringValue>
        </value>
    </processMetadataValues>
    <processType>AutoLaunchedFlow</processType>
    <recordCreates>
        <description>Create a task record</description>
        <name>Create_Task</name>
        <label>Create Task</label>
        <locationX>176</locationX>
        <locationY>323</locationY>
        <connector>
            <targetReference>Get_Won_Opportunity_CNT</targetReference>
        </connector>
        <inputAssignments>
            <field>ActivityDate</field>
            <value>
                <elementReference>$Flow.CurrentDate</elementReference>
            </value>
        </inputAssignments>
        <inputAssignments>
            <field>Description</field>
            <value>
                <elementReference>$Label.Big_Deal</elementReference>
            </value>
        </inputAssignments>
        <inputAssignments>
            <field>OwnerId</field>
            <value>
                <elementReference>$Record.Account.OwnerId</elementReference>
            </value>
        </inputAssignments>
        <inputAssignments>
            <field>Priority</field>
            <value>
                <stringValue>High</stringValue>
            </value>
        </inputAssignments>
        <inputAssignments>
            <field>Subject</field>
            <value>
                <stringValue>Follow-up Call</stringValue>
            </value>
        </inputAssignments>
        <inputAssignments>
            <field>WhatId</field>
            <value>
                <elementReference>$Record.Id</elementReference>
            </value>
        </inputAssignments>
        <object>Task</object>
        <storeOutputAutomatically>true</storeOutputAutomatically>
    </recordCreates>
    <recordLookups>
        <description>Get won opportunity custom notification type</description>
        <name>Get_Won_Opportunity_CNT</name>
        <label>Get Won Opportunity CNT</label>
        <locationX>176</locationX>
        <locationY>431</locationY>
        <assignNullValuesIfNoRecordsFound>false</assignNullValuesIfNoRecordsFound>
        <connector>
            <targetReference>Populate_Recipient_Ids</targetReference>
        </connector>
        <filterLogic>and</filterLogic>
        <filters>
            <field>DeveloperName</field>
            <operator>EqualTo</operator>
            <value>
                <stringValue>Won_Opportunity</stringValue>
            </value>
        </filters>
        <getFirstRecordOnly>true</getFirstRecordOnly>
        <object>CustomNotificationType</object>
        <storeOutputAutomatically>true</storeOutputAutomatically>
    </recordLookups>
    <start>
        <locationX>50</locationX>
        <locationY>0</locationY>
        <connector>
            <targetReference>Create_Task</targetReference>
        </connector>
        <doesRequireRecordChangedToMeetCriteria>true</doesRequireRecordChangedToMeetCriteria>
        <filterLogic>and</filterLogic>
        <filters>
            <field>Amount</field>
            <operator>GreaterThanOrEqualTo</operator>
            <value>
                <numberValue>500000.0</numberValue>
            </value>
        </filters>
        <filters>
            <field>StageName</field>
            <operator>EqualTo</operator>
            <value>
                <stringValue>Closed Won</stringValue>
            </value>
        </filters>
        <object>Opportunity</object>
        <recordTriggerType>CreateAndUpdate</recordTriggerType>
        <triggerType>RecordAfterSave</triggerType>
    </start>
    <status>Active</status>
    <variables>
        <description>Add the account owner id</description>
        <name>RecipientIds</name>
        <dataType>String</dataType>
        <isCollection>true</isCollection>
        <isInput>false</isInput>
        <isOutput>false</isOutput>
    </variables>
</Flow>
