<?xml version="1.0" encoding="UTF-8"?>
<Flow xmlns="http://soap.sforce.com/2006/04/metadata">
    <apiVersion>58.0</apiVersion>
    <assignments>
        <description>Populate some more fields on the very same opportunity record</description>
        <name>Populate_Fields</name>
        <label>Populate Fields</label>
        <locationX>176</locationX>
        <locationY>287</locationY>
        <assignmentItems>
            <assignToReference>$Record.LeadSource</assignToReference>
            <operator>Assign</operator>
            <value>
                <stringValue>Other</stringValue>
            </value>
        </assignmentItems>
        <assignmentItems>
            <assignToReference>$Record.Description</assignToReference>
            <operator>Assign</operator>
            <value>
                <elementReference>$Label.New_Customer_Description</elementReference>
            </value>
        </assignmentItems>
    </assignments>
    <description>Automation on new prospect opps</description>
    <environments>Default</environments>
    <interviewLabel>New Prospect Opprtunities {!$Flow.CurrentDateTime}</interviewLabel>
    <label>New Prospect Opportunities</label>
    <processMetadataValues>
        <name>BuilderType</name>
        <value>
            <stringValue>LightningFlowBuilder</stringValue>
        </value>
    </processMetadataValues>
    <processMetadataValues>
        <name>CanvasMode</name>
        <value>
            <stringValue>AUTO_LAYOUT_CANVAS</stringValue>
        </value>
    </processMetadataValues>
    <processMetadataValues>
        <name>OriginBuilderType</name>
        <value>
            <stringValue>LightningFlowBuilder</stringValue>
        </value>
    </processMetadataValues>
    <processType>AutoLaunchedFlow</processType>
    <start>
        <locationX>50</locationX>
        <locationY>0</locationY>
        <connector>
            <targetReference>Populate_Fields</targetReference>
        </connector>
        <filterLogic>and</filterLogic>
        <filters>
            <field>Type</field>
            <operator>EqualTo</operator>
            <value>
                <stringValue>New Customer</stringValue>
            </value>
        </filters>
        <filters>
            <field>StageName</field>
            <operator>EqualTo</operator>
            <value>
                <stringValue>Prospecting</stringValue>
            </value>
        </filters>
        <object>Opportunity</object>
        <recordTriggerType>Create</recordTriggerType>
        <triggerType>RecordBeforeSave</triggerType>
    </start>
    <status>Active</status>
</Flow>
