<?xml version="1.0" encoding="UTF-8"?>
<Flow xmlns="http://soap.sforce.com/2006/04/metadata">
    <apiVersion>58.0</apiVersion>
    <description>record approach</description>
    <environments>Default</environments>
    <interviewLabel>Opportunity Info - 2 {!$Flow.CurrentDateTime}</interviewLabel>
    <label>Opportunity Info - 2</label>
    <processMetadataValues>
        <name>BuilderType</name>
        <value>
            <stringValue>LightningFlowBuilder</stringValue>
        </value>
    </processMetadataValues>
    <processMetadataValues>
        <name>CanvasMode</name>
        <value>
            <stringValue>AUTO_LAYOUT_CANVAS</stringValue>
        </value>
    </processMetadataValues>
    <processMetadataValues>
        <name>OriginBuilderType</name>
        <value>
            <stringValue>LightningFlowBuilder</stringValue>
        </value>
    </processMetadataValues>
    <processType>Flow</processType>
    <recordCreates>
        <description>Create opportunity record</description>
        <name>Create_Opportunity</name>
        <label>Create Opportunity</label>
        <locationX>176</locationX>
        <locationY>242</locationY>
        <connector>
            <targetReference>Success_Screen</targetReference>
        </connector>
        <faultConnector>
            <targetReference>Error_Screen</targetReference>
        </faultConnector>
        <inputReference>OppRecord</inputReference>
    </recordCreates>
    <screens>
        <description>Screen to display error details</description>
        <name>Error_Screen</name>
        <label>Error Screen</label>
        <locationX>440</locationX>
        <locationY>350</locationY>
        <allowBack>true</allowBack>
        <allowFinish>true</allowFinish>
        <allowPause>true</allowPause>
        <fields>
            <name>Error_Message</name>
            <fieldText>&lt;p&gt;&lt;strong style=&quot;font-size: 14px; color: rgb(228, 17, 17);&quot;&gt;An error occurred while saving the information.&lt;/strong&gt;&lt;/p&gt;&lt;p&gt;&lt;strong style=&quot;font-size: 14px; color: rgb(228, 17, 17);&quot;&gt;{!$Flow.FaultMessage}&lt;/strong&gt;&lt;/p&gt;</fieldText>
            <fieldType>DisplayText</fieldType>
        </fields>
        <showFooter>true</showFooter>
        <showHeader>true</showHeader>
    </screens>
    <screens>
        <description>Screen to collect opp detail</description>
        <name>Opportunity_Detail</name>
        <label>Opportunity Detail</label>
        <locationX>176</locationX>
        <locationY>134</locationY>
        <allowBack>true</allowBack>
        <allowFinish>true</allowFinish>
        <allowPause>true</allowPause>
        <connector>
            <targetReference>Create_Opportunity</targetReference>
        </connector>
        <fields>
            <name>Opportunity_Detail_Section1</name>
            <fieldType>RegionContainer</fieldType>
            <fields>
                <name>Opportunity_Detail_Section1_Column1</name>
                <fieldType>Region</fieldType>
                <fields>
                    <fieldType>ObjectProvided</fieldType>
                    <isRequired>false</isRequired>
                    <objectFieldReference>OppRecord.Name</objectFieldReference>
                </fields>
                <fields>
                    <fieldType>ObjectProvided</fieldType>
                    <isRequired>false</isRequired>
                    <objectFieldReference>OppRecord.AccountId</objectFieldReference>
                </fields>
                <fields>
                    <fieldType>ObjectProvided</fieldType>
                    <isRequired>false</isRequired>
                    <objectFieldReference>OppRecord.CloseDate</objectFieldReference>
                </fields>
                <inputParameters>
                    <name>width</name>
                    <value>
                        <stringValue>6</stringValue>
                    </value>
                </inputParameters>
                <isRequired>false</isRequired>
            </fields>
            <fields>
                <name>Opportunity_Detail_Section1_Column2</name>
                <fieldType>Region</fieldType>
                <fields>
                    <fieldType>ObjectProvided</fieldType>
                    <isRequired>false</isRequired>
                    <objectFieldReference>OppRecord.StageName</objectFieldReference>
                </fields>
                <fields>
                    <fieldType>ObjectProvided</fieldType>
                    <isRequired>false</isRequired>
                    <objectFieldReference>OppRecord.LeadSource</objectFieldReference>
                </fields>
                <fields>
                    <fieldType>ObjectProvided</fieldType>
                    <isRequired>false</isRequired>
                    <objectFieldReference>OppRecord.Type</objectFieldReference>
                </fields>
                <inputParameters>
                    <name>width</name>
                    <value>
                        <stringValue>6</stringValue>
                    </value>
                </inputParameters>
                <isRequired>false</isRequired>
            </fields>
            <isRequired>false</isRequired>
            <regionContainerType>SectionWithoutHeader</regionContainerType>
        </fields>
        <fields>
            <fieldType>ObjectProvided</fieldType>
            <isRequired>false</isRequired>
            <objectFieldReference>OppRecord.Description</objectFieldReference>
        </fields>
        <showFooter>true</showFooter>
        <showHeader>true</showHeader>
    </screens>
    <screens>
        <description>Screen to display success message</description>
        <name>Success_Screen</name>
        <label>Success Screen</label>
        <locationX>176</locationX>
        <locationY>350</locationY>
        <allowBack>true</allowBack>
        <allowFinish>true</allowFinish>
        <allowPause>true</allowPause>
        <fields>
            <name>Success_Message</name>
            <fieldText>&lt;p&gt;&lt;strong style=&quot;font-size: 14px; color: rgb(16, 218, 26);&quot;&gt;Opportunity has been created successfully!&lt;/strong&gt;&lt;/p&gt;</fieldText>
            <fieldType>DisplayText</fieldType>
        </fields>
        <showFooter>true</showFooter>
        <showHeader>true</showHeader>
    </screens>
    <start>
        <locationX>50</locationX>
        <locationY>0</locationY>
        <connector>
            <targetReference>Opportunity_Detail</targetReference>
        </connector>
    </start>
    <status>Active</status>
    <variables>
        <description>Opportunity Record</description>
        <name>OppRecord</name>
        <dataType>SObject</dataType>
        <isCollection>false</isCollection>
        <isInput>false</isInput>
        <isOutput>false</isOutput>
        <objectType>Opportunity</objectType>
    </variables>
</Flow>
