<?xml version="1.0" encoding="UTF-8"?>
<Flow xmlns="http://soap.sforce.com/2006/04/metadata">
    <apiVersion>58.0</apiVersion>
    <description>Flow to greet the logged in user</description>
    <environments>Default</environments>
    <interviewLabel>Welcome Flow {!$Flow.CurrentDateTime}</interviewLabel>
    <label>Welcome Flow</label>
    <processMetadataValues>
        <name>BuilderType</name>
        <value>
            <stringValue>LightningFlowBuilder</stringValue>
        </value>
    </processMetadataValues>
    <processMetadataValues>
        <name>CanvasMode</name>
        <value>
            <stringValue>AUTO_LAYOUT_CANVAS</stringValue>
        </value>
    </processMetadataValues>
    <processMetadataValues>
        <name>OriginBuilderType</name>
        <value>
            <stringValue>LightningFlowBuilder</stringValue>
        </value>
    </processMetadataValues>
    <processType>Flow</processType>
    <screens>
        <description>Screen to display welcome message</description>
        <name>Welcome_Screen</name>
        <label>Welcome Screen</label>
        <locationX>176</locationX>
        <locationY>134</locationY>
        <allowBack>true</allowBack>
        <allowFinish>true</allowFinish>
        <allowPause>true</allowPause>
        <fields>
            <name>Welcome_Message</name>
            <fieldText>&lt;p&gt;&lt;strong style=&quot;font-size: 14px; color: rgb(78, 173, 20);&quot;&gt;&lt;em&gt;Hello {!$User.FirstName} {!$User.LastName}!&lt;/em&gt;&lt;/strong&gt;&lt;/p&gt;&lt;p&gt;&lt;strong style=&quot;font-size: 14px; color: rgb(18, 21, 179);&quot;&gt;&lt;em&gt;Welcome to awesome flows!!!&lt;/em&gt;&lt;/strong&gt;&lt;/p&gt;</fieldText>
            <fieldType>DisplayText</fieldType>
        </fields>
        <showFooter>false</showFooter>
        <showHeader>false</showHeader>
    </screens>
    <start>
        <locationX>50</locationX>
        <locationY>0</locationY>
        <connector>
            <targetReference>Welcome_Screen</targetReference>
        </connector>
    </start>
    <status>Active</status>
</Flow>
